"SubredditName","Timestamp","PostID","SentimentLabel","SentimentScore","Title"
"valencia","2025-11-09T12:17:34.294710","1ol8u2x","Neutral","0","""Monthly Valencia Q&As and Recommendations: For newcomers, travelers, & residents alike!"""
"valencia","2025-11-09T12:17:34.294959","1nuqmnj","Neutral","0","""Monthly Valencia Q&As and Recommendations: For newcomers, travelers, & residents alike!"""
"valencia","2025-11-09T12:17:34.295033","1orxxgd","Neutral","0","Ayuntamiento Valencia"
"valencia","2025-11-09T12:17:34.295159","1osffa4","Neutral","0","Vivir en el barrio de favara: ruido"
"valencia","2025-11-09T12:17:34.295414","1osdfug","Neutral","0","La Generalitat avala a 2.000 j√≥venes de la Comunitat Valenciana para comprar su primera vivienda"
"valencia","2025-11-09T12:17:34.295554","1osd13m","Neutral","0","""Resident, but still new to it all"""
"valencia","2025-11-09T12:17:34.295796","1orzuc6","Neutral","0","Val√®ncia se transforma con nuevos espacios verdes en estos barrios de la ciudad"
"valencia","2025-11-09T12:17:34.296030","1os1maj","Neutral","0","""""""Tu ciudad se llena de pianos"""", la iniciativa cultural valenciana vuelve als carrers"""
"valencia","2025-11-09T12:17:34.352464","1ors6fj","Neutral","0","Los bomberos forestales de la Generalitat Valenciana denuncian su ‚Äúprecariedad y abandono‚Äù un a√±o despu√©s de la DANA"
"valencia","2025-11-09T12:17:34.352616","1orzerc","Neutral","0","Rollerskating for beginners"
"valencia","2025-11-09T12:17:34.352700","1ordhwh","Neutral","0","Arr√≤s al forn"
"valencia","2025-11-09T12:17:34.352868","1orq096","Positive","0.34","Decent easily accessible fishing spots in Valencia?"
"valencia","2025-11-09T12:17:34.353083","1or0lga","Negative","'-0.296","""Aneu a solucionar el tr√†nsit Madrid Alacant, no Val√®ncia Alacant. Pero bueno..."""
"valencia","2025-11-09T12:17:34.353338","1oqp0hq","Neutral","0","Cargos y afines al PP emprenden una campa√±a de acoso a las v√≠ctimas de la dana por redes sociales"
"valencia","2025-11-09T12:17:34.353431","1oqt8kg","Neutral","0","Palau de les Arts"
"valencia","2025-11-09T12:17:34.353522","1or9tp8","Neutral","0","Adorno de Navidad local"
"valencia","2025-11-09T12:17:34.353593","1or3xru","Positive","0.508","HELP!! OCEANGRAFIC"
"valencia","2025-11-09T12:17:34.353894","1ornzcy","Negative","'-0.296","Cuales son sus lugares favoritos para trabajar con sus port√°tiles que no sea un cafe o un restaurante?"
"valencia","2025-11-09T12:17:34.354114","1oqoax1","Neutral","0","Esto es un cachondeo diario en las l√≠neas del autob√∫s amarillo metro bus"
"valencia","2025-11-09T12:17:34.354409","1orky68","Neutral","0","Est-il vrai que la langue utilis√©e dans les √©coles primaires publiques de Valence est le catalan (et non le castillan)?"
"valencia","2025-11-09T12:17:34.354550","1oq5wat","Neutral","0","Una vuelta por la Valencia de los 70 üòç"
"valencia","2025-11-09T12:17:34.354727","1or5mi8","Positive","0.34","""Just moved to Valencia, looking to play football"""
"valencia","2025-11-09T12:17:34.354834","1oqpvre","Neutral","0","Silla escritorio en el bus"
"valencia","2025-11-09T12:17:34.354951","1or16z6","Neutral","0","""Artista/escritor de EEUU, busco recomendaciones"""
"valencia","2025-11-09T12:17:34.355064","1oqx6g7","Neutral","0","Looking for a music producer in Valencia"
"valencia","2025-11-09T12:17:34.355214","1oqx37e","Neutral","0","Buscando un nuevo proveedor de internet en Torrent/El Vedat"
"valencia","2025-11-09T12:17:34.355334","1oqpono","Neutral","0","¬øUn servicio de transporte de residuos t√≥xicos?"
"valencia","2025-11-09T12:17:34.355529","1oqvebm","Neutral","0","""[Vendo entrada] Ludovico Einaudi ‚Äì Palau de les Arts, Valencia (21 de marzo de 2026)"""
"valencia","2025-11-09T12:17:34.355620","1oqv1j5","Neutral","0","Canci√≥n de la Dana"
"valencia","2025-11-09T12:17:34.355799","1or5ozy","Neutral","0","El barrio de Benimaclet un d√≠a de muchos a las 9:30"
"valencia","2025-11-09T12:17:34.356057","1opu3uy","Neutral","0","Salen a la luz las primeras exigencias de Abascal a Feij√≥o para la sucesi√≥n de Maz√≥n: ni pacto verde ni inmigrantes"
"valencia","2025-11-09T12:17:34.412614","1op2bgs","Neutral","0","""Que pasada esta rehabilitaci√≥n de una antigua vivienda (llena de historia por cierto), ubicada en el barrio de Nazaret. Qu√© os parece?"""
"valencia","2025-11-09T12:17:34.412896","1oq8y0k","Neutral","0","Tips for what to do in Valencia between 28th December and January 5th"
"valencia","2025-11-09T12:17:34.412994","1oqby3b","Neutral","0","Marathon entry for sale"
"valencia","2025-11-09T12:17:34.413200","1oq2x4y","Neutral","0","""Semestre Extranjero/Semester Abroad in/en Valencia, Spain in 2026 | Housing & Tips / Alojamiento y Consejos"""
"valencia","2025-11-09T12:17:34.413370","1oq8nbf","Neutral","0","Looking for a movie theater that shows english movies with english subtitles"
"valencia","2025-11-09T12:17:34.413638","1ooyttb","Neutral","0","""Pla√ßa de la Mare de D√©u, Val√®ncia. 3 de novembre de 2025 - 3 de novembre de 2025 dimissi√≥ de Maz√≥n -  El poble salva el poble."""
"valencia","2025-11-09T12:17:34.413748","1oq3si5","Neutral","0","Things to do in Valencia?"
"valencia","2025-11-09T12:17:34.413805","1oohnuu","Neutral","0","üòÇüòÇüòÇüòÇ"
"valencia","2025-11-09T12:17:34.413912","1op0fl7","Neutral","0","Plaza de la Virgen de Valencia"
"valencia","2025-11-09T12:17:34.414192","1oodp14","Positive","0.25","Es gracioso recordar que Abascal sali√≥ a la defensa de Maz√≥n pocos d√≠as antes de que dimitiera..... menuda punter√≠a."
"valencia","2025-11-09T12:17:34.414275","1opfm66","Neutral","0","New Years Eve"
"valencia","2025-11-09T12:17:34.414354","1op0z58","Neutral","0","Ticket MotoGP Valencia"
"valencia","2025-11-09T12:17:34.414650","1opcqua","Neutral","0","""Does anyone have videos of the rain on October 29, 2024? ¬øAlguien tiene v√≠deos de la lluvia del 29 de octubre de 2024?"""
"valencia","2025-11-09T12:17:34.414969","1oo2qgp","Negative","'-0.5574","La Generalitat mantiene sin gastar el 92 % de los fondos para reconstruir los colegios afectados por la DANA"
"valencia","2025-11-09T12:17:34.415084","1ooju8i","Neutral","0","BOLA DE DRAC EN VALENCIA"
"valencia","2025-11-09T12:17:34.415165","1op4ow0","Neutral","0","Mazon y la periodisra"
"valencia","2025-11-09T12:17:34.415255","1oogl8d","Neutral","0","Mejor Pollo Frito Koreano"
"valencia","2025-11-09T12:17:34.415361","1ooy1fc","Neutral","0","Acerca de puesto temporal art√≠stico"
"valencia","2025-11-09T12:17:34.415588","1oo5tby","Neutral","0","""Vuelve la Fira de les Comarques a Valencia: turismo, tradici√≥n y sabor en los Jardines de Viveros"""